epoch,time,train/box_loss,train/cls_loss,train/dfl_loss,metrics/precision(B),metrics/recall(B),metrics/mAP50(B),metrics/mAP50-95(B),val/box_loss,val/cls_loss,val/dfl_loss,lr/pg0,lr/pg1,lr/pg2
1,384.285,0.57598,4.67096,1.09352,0.22167,0.12338,0.07794,0.07447,0.20707,4.25083,0.76046,4.28409e-05,4.28409e-05,4.28409e-05
2,519.46,0.21019,3.29962,0.9087,0.33685,0.35235,0.32683,0.32184,0.13667,2.7359,0.71801,8.47524e-05,8.47524e-05,8.47524e-05
3,657.352,0.18033,2.51375,0.87707,0.63859,0.50367,0.57598,0.56643,0.12441,1.86028,0.69741,0.000125234,0.000125234,0.000125234
4,10110,0.17289,1.98194,0.86753,0.76492,0.65844,0.7454,0.73694,0.11911,1.37256,0.69336,0.000123565,0.000123565,0.000123565
5,22214.3,0.15821,1.61575,0.86204,0.80026,0.75403,0.82405,0.817,0.1082,1.10323,0.6865,0.00012142,0.00012142,0.00012142
6,31598.3,0.14975,1.38637,0.85405,0.87622,0.79494,0.88421,0.87701,0.10283,0.88759,0.69024,0.000119275,0.000119275,0.000119275
7,36877.2,0.1448,1.2189,0.84687,0.89557,0.82392,0.90102,0.89302,0.09857,0.77283,0.67357,0.00011713,0.00011713,0.00011713
8,37846.7,0.14371,1.1177,0.84474,0.89485,0.85163,0.92358,0.9174,0.09018,0.65777,0.66969,0.000114985,0.000114985,0.000114985
9,38016.4,0.13889,1.02911,0.84385,0.89879,0.88419,0.93659,0.93084,0.0934,0.59024,0.67157,0.00011284,0.00011284,0.00011284
10,38483.1,0.1351,0.94062,0.83933,0.92161,0.87615,0.9439,0.93848,0.08797,0.53161,0.66688,0.000110695,0.000110695,0.000110695
11,38833.6,0.13293,0.87172,0.84194,0.93468,0.91287,0.95828,0.95317,0.08767,0.46838,0.6688,0.00010855,0.00010855,0.00010855
12,39067.2,0.12636,0.83349,0.83997,0.94563,0.89767,0.95567,0.95,0.08666,0.46466,0.66534,0.000106405,0.000106405,0.000106405
13,39565.5,0.12368,0.81908,0.84121,0.94084,0.91353,0.9614,0.95714,0.08637,0.43101,0.66142,0.00010426,0.00010426,0.00010426
14,39786.8,0.1219,0.78422,0.84082,0.93913,0.90739,0.96132,0.95484,0.08631,0.42102,0.65899,0.000102115,0.000102115,0.000102115
15,39969,0.11942,0.75029,0.8383,0.94429,0.92183,0.96569,0.96112,0.07794,0.38376,0.66083,9.997e-05,9.997e-05,9.997e-05
