object_id,precision,recall,AP50,AP50-95
OBJ013,0.8164,0.6923,0.8642,0.8642
OBJ061,0.8913,0.75,0.8847,0.8847
OBJ062,0.8933,0.8462,0.9069,0.9069
OBJ034,0.9769,0.6923,0.9104,0.9104
OBJ068,0.911,0.7692,0.9333,0.9333
OBJ065,0.9723,0.8462,0.9434,0.9434
OBJ059,0.9186,0.8699,0.9441,0.9441
OBJ014,1.0,0.8265,0.9486,0.9375
OBJ044,1.0,0.81,0.9529,0.9529
OBJ010,0.9749,0.9231,0.9575,0.9575
OBJ057,0.9066,0.8333,0.9592,0.9592
OBJ007,0.9801,0.9231,0.96,0.9477
OBJ060,0.9913,0.9167,0.9607,0.9607
OBJ070,0.9845,0.9231,0.9614,0.9614
OBJ005,1.0,0.8403,0.9641,0.9641
OBJ025,0.9512,0.9231,0.9646,0.9529
OBJ052,0.9805,0.8462,0.9694,0.9694
OBJ003,0.8486,0.8632,0.9704,0.9704
OBJ020,0.919,0.8741,0.9786,0.9786
OBJ004,0.9217,0.9062,0.9795,0.9795
OBJ017,1.0,0.7478,0.9819,0.9819
OBJ016,1.0,0.7119,0.9857,0.9857
OBJ054,0.9917,0.9167,0.9888,0.9888
OBJ030,0.9052,1.0,0.99,0.9747
OBJ036,0.9234,0.9278,0.99,0.99
OBJ046,0.9781,0.9231,0.99,0.99
OBJ022,0.9234,0.9276,0.99,0.99
OBJ015,1.0,0.874,0.99,0.99
OBJ042,1.0,0.9127,0.99,0.99
OBJ011,1.0,0.8707,0.99,0.99
OBJ050,1.0,0.9943,0.995,0.995
OBJ053,0.9847,1.0,0.995,0.995
OBJ048,0.9839,1.0,0.995,0.995
OBJ051,1.0,0.9406,0.995,0.995
OBJ049,1.0,0.8491,0.995,0.995
OBJ001,0.9829,1.0,0.995,0.995
OBJ056,1.0,0.9308,0.995,0.995
OBJ058,0.9842,1.0,0.995,0.9458
OBJ047,0.9802,1.0,0.995,0.9815
OBJ064,0.9911,1.0,0.995,0.995
OBJ066,0.9952,1.0,0.995,0.995
OBJ067,0.9849,1.0,0.995,0.995
OBJ069,0.9594,1.0,0.995,0.995
OBJ071,0.9851,1.0,0.995,0.995
OBJ055,0.9766,1.0,0.995,0.995
OBJ063,0.986,1.0,0.995,0.995
OBJ037,1.0,0.9851,0.995,0.995
OBJ043,0.9847,1.0,0.995,0.9781
OBJ002,0.9844,1.0,0.995,0.995
OBJ006,0.9848,1.0,0.995,0.9762
OBJ008,0.985,1.0,0.995,0.995
OBJ009,0.971,1.0,0.995,0.995
OBJ012,1.0,0.6986,0.995,0.995
OBJ018,0.985,1.0,0.995,0.995
OBJ019,0.9859,1.0,0.995,0.995
OBJ021,0.9849,1.0,0.995,0.995
OBJ023,0.9857,1.0,0.995,0.9838
OBJ024,0.9854,1.0,0.995,0.995
OBJ026,0.8931,1.0,0.995,0.995
OBJ027,1.0,0.9513,0.995,0.995
OBJ028,0.986,1.0,0.995,0.995
OBJ029,0.9202,1.0,0.995,0.995
OBJ031,0.9676,1.0,0.995,0.995
OBJ032,0.9841,1.0,0.995,0.995
OBJ033,0.9854,1.0,0.995,0.9798
OBJ035,0.9162,1.0,0.995,0.995
OBJ072,0.99,1.0,0.995,0.995
OBJ038,1.0,0.8552,0.995,0.995
OBJ039,0.986,1.0,0.995,0.9715
OBJ040,0.9899,1.0,0.995,0.995
OBJ041,0.985,1.0,0.995,0.995
OBJ045,0.919,1.0,0.995,0.9693
OBJ073,0.9863,1.0,0.995,0.995
